Modina Market,3,2,12000
Modina Market,3,2,12000
Modina Market,3,2,12000
Modina Market,3,2,12500
Modina Market,3,2,12500
Modina Market,3,2,12500
Modina Market,3,2,12700
Modina Market,4,2,14200
Modina Market,4,2,14200
Modina Market,4,2,14200
Modina Market,4,2,14200
Modina Market,4,3,15000
Modina Market,4,3,15000
Modina Market,4,3,15000
Modina Market,5,3,17000
Modina Market,5,3,17000
Modina Market,5,3,17500
Modina Market,5,3,17500
Modina Market,5,3,17500
Modina Market,5,3,17700
Modina Market,5,3,17700
Modina Market,5,3,17700
Modina Market,5,3,17800
Modina Market,6,4,20000
Modina Market,6,4,20000
Modina Market,6,4,20000
Modina Market,6,4,20500
Modina Market,6,4,20500
Modina Market,6,3,20500
Modina Market,6,5,22000
Modina Market,6,5,22000
Modina Market,6,5,22500
Modina Market,6,5,22500
Modina Market,6,6,30000
Modina Market,6,6,30000
Kalibari,2,1,5000
Kalibari,2,1,5000
Kalibari,2,1,5000
Kalibari,2,1,5500
Kalibari,3,1,7000
Kalibari,3,2,7500
Kalibari,3,2,7500
Kalibari,3,2,7500
Kalibari,3,2,10000
Kalibari,3,2,10000
Kalibari,3,2,10500
Kalibari,3,2,10500
Kalibari,3,2,11000
Kalibari,4,3,15000
Kalibari,4,3,15000
Kalibari,4,3,15000
Kalibari,4,2,14000
Kalibari,4,2,14000
Kalibari,4,2,14000
Kalibari,4,2,14500
Kalibari,4,2,14400
Kalibari,5,3,18000
Kalibari,5,3,18500
Kalibari,5,3,18500
Kalibari,5,3,18200
Kalibari,5,3,18000
Kalibari,5,3,17600
Pathantula,4,3,20000
Pathantula,4,3,20000
Pathantula,4,2,15000
Pathantula,4,3,20500
Pathantula,4,3,20500
Pathantula,4,3,20800
Pathantula,4,4,22000
Pathantula,4,4,22500
Pathantula,4,4,22500
Pathantula,5,3,25000
Pathantula,5,3,25000
Pathantula,5,3,25000
Pathantula,5,3,25500
Pathantula,5,3,25700
Pathantula,5,3,26000
Pathantula,3,2,18500
Pathantula,3,2,18000
Pathantula,3,2,17500
Pathantula,3,2,18000
Pathantula,3,2,18000
Pathantula,3,2,18700
Pathantula,3,2,17700
Pathantula,3,2,17500
Pathantula,3,2,15000
Pathantula,3,3,19000
Pathantula,3,3,19000
Pathantula,3,3,19500
Pathantula,3,3,19500
Pathantula,3,3,19200
Pathantula,3,3,19200
Pathantula,3,3,18500
Pathantula,3,3,18000
Pathantula,3,2,15000
Pathantula,3,2,15500
Pathantula,3,2,15200
Pathantula,5,3,16000
Pathantula,5,3,16500
Pathantula,4,3,20000
Pathantula,4,3,20000
Akhalia,2,1,5000
Akhalia,2,1,5000
Akhalia,2,1,5500
Akhalia,2,1,5500
Akhalia,2,1,5800
Akhalia,2,1,5000
Akhalia,2,1,6000
Akhalia,3,2,11000
Akhalia,3,2,11000
Akhalia,3,2,11500
Akhalia,3,2,11500
Akhalia,3,2,11700
Akhalia,3,3,15000
Akhalia,3,3,15000
Akhalia,3,3,15500
Akhalia,3,3,15500
Akhalia,3,3,16000
Akhalia,4,3,18500
Akhalia,4,3,18500
Akhalia,4,3,18800
Akhalia,4,3,18800
Akhalia,4,4,20000
Akhalia,4,4,20000
Akhalia,5,4,22500
Akhalia,5,4,23000
Akhalia,5,4,23500
Akhalia,5,4,22500
Akhalia,5,4,23500
Akhalia,5,5,30000
Akhalia,5,5,32500
Akhalia,5,5,30500
Akhalia,5,5,31500
Akhalia,5,5,31000
Akhalia,5,4,25000
Akhalia,5,4,25500
Akhalia,5,4,25000
Akhalia,5,4,26000
Akhalia,6,4,35000
Akhalia,6,4,35500
Akhalia,6,4,36000
Akhalia,6,4,36500
Akhalia,6,4,37000
Akhalia,6,4,37000
